<?xml version="1.0" encoding="UTF-8"?>
<configuration>
    <appender name="STDOUT" class="ch.qos.logback.core.ConsoleAppender">
        <encoder>
            <pattern>%d{HH:mm:ss.SSS} [%thread] %-5level %logger{36} - %msg%n</pattern>
        </encoder>
    </appender>

    <!-- Reduce TimeFold noise, show only important messages -->
    <logger name="ai.timefold" level="WARN"/>
    <logger name="ai.timefold.solver.core.impl.solver" level="INFO"/>
    
    <root level="INFO">
        <appender-ref ref="STDOUT"/>
    </root>
</configuration>
